{
    "Price-CAT": {
        "Rates": [
            0.055291, 
            0.075788, 
            0.103885, 
            0.142398, 
            0.195188, 
            0.26755, 
            0.366737, 
            0.502696, 
            0.689058, 
            0.94451, 
            1.294663, 
            1.774628, 
            2.432529, 
            3.334329, 
            4.57045, 
            6.264833, 
            8.587368, 
            11.770925, 
            16.134708, 
            22.116257
        ], 
        "SiteCategories": [
            7, 
            13, 
            13, 
            12, 
            13, 
            14, 
            11, 
            13, 
            14, 
            14, 
            13, 
            12, 
            12, 
            13, 
            13, 
            15, 
            13, 
            12, 
            15, 
            9, 
            11, 
            10, 
            12, 
            12, 
            8, 
            11, 
            12, 
            10, 
            7, 
            8, 
            9, 
            9, 
            9, 
            12, 
            10, 
            11, 
            7, 
            8, 
            8, 
            13, 
            8, 
            5, 
            5, 
            9, 
            6, 
            8, 
            9, 
            8, 
            6, 
            8, 
            7, 
            10, 
            7, 
            6, 
            7, 
            9, 
            12, 
            12, 
            11, 
            13, 
            10, 
            9, 
            10, 
            13, 
            12, 
            9, 
            10, 
            9, 
            10, 
            10, 
            10, 
            8, 
            9, 
            9, 
            8, 
            8, 
            10, 
            13, 
            13, 
            9, 
            11, 
            11, 
            8, 
            12, 
            8, 
            10, 
            10, 
            11, 
            10, 
            8, 
            9, 
            7, 
            11, 
            8, 
            5, 
            6, 
            9, 
            12, 
            11, 
            8, 
            9, 
            13, 
            9, 
            8, 
            13, 
            15, 
            12, 
            11, 
            9, 
            8, 
            10, 
            9, 
            12, 
            7, 
            10, 
            9, 
            10, 
            8, 
            8, 
            7, 
            11, 
            9, 
            7, 
            6, 
            12, 
            8, 
            10, 
            8, 
            10, 
            10, 
            11, 
            10, 
            9, 
            12, 
            9, 
            11, 
            5, 
            5, 
            7, 
            12, 
            8, 
            10, 
            13, 
            9, 
            7, 
            10, 
            10, 
            7, 
            8, 
            10, 
            12, 
            11, 
            14, 
            11, 
            8, 
            10, 
            14, 
            11, 
            8, 
            13, 
            11, 
            12, 
            9, 
            15, 
            11, 
            10, 
            15, 
            11, 
            10, 
            13, 
            11, 
            10, 
            9, 
            10, 
            10, 
            8, 
            11, 
            7, 
            10, 
            9, 
            9, 
            9, 
            10, 
            9, 
            10, 
            10, 
            10, 
            9, 
            10, 
            12, 
            9, 
            7, 
            7, 
            13, 
            8, 
            7, 
            9, 
            9, 
            11, 
            10, 
            7, 
            11, 
            7, 
            9, 
            8, 
            11, 
            9, 
            12, 
            9, 
            11, 
            7, 
            6, 
            10, 
            9, 
            7, 
            12, 
            11, 
            12, 
            7, 
            10, 
            7, 
            13, 
            10, 
            12, 
            7, 
            11, 
            13, 
            11, 
            12, 
            12, 
            10, 
            7, 
            11, 
            7, 
            11, 
            10, 
            12, 
            12, 
            14, 
            8, 
            11, 
            14, 
            10, 
            12, 
            12, 
            12, 
            11, 
            11, 
            9, 
            8, 
            7, 
            15, 
            13, 
            9, 
            12, 
            15, 
            9, 
            7, 
            9, 
            12, 
            11, 
            13, 
            9, 
            15, 
            13, 
            10, 
            10, 
            10, 
            11, 
            9, 
            9, 
            10, 
            12, 
            10, 
            9, 
            9, 
            9, 
            9, 
            12, 
            8, 
            8, 
            12, 
            10, 
            11, 
            9, 
            13, 
            10, 
            14, 
            9, 
            10, 
            6, 
            6, 
            11, 
            8, 
            11, 
            9, 
            10, 
            10, 
            10, 
            12, 
            14, 
            8, 
            10, 
            9, 
            10, 
            9, 
            10, 
            7, 
            8, 
            12, 
            12, 
            8, 
            7, 
            9, 
            11, 
            12, 
            11, 
            12, 
            8, 
            8, 
            10, 
            10, 
            8, 
            10, 
            9, 
            9, 
            11, 
            9, 
            10, 
            13, 
            9, 
            8, 
            13, 
            9, 
            10, 
            12, 
            10, 
            11, 
            12, 
            10, 
            9, 
            7, 
            9, 
            7, 
            10, 
            10, 
            7, 
            11, 
            11, 
            8, 
            7, 
            9, 
            12, 
            14, 
            7, 
            8, 
            11, 
            8, 
            8, 
            10, 
            10, 
            8, 
            8, 
            9, 
            9, 
            9, 
            9, 
            9, 
            8, 
            9, 
            7, 
            7, 
            10, 
            12, 
            10, 
            11, 
            7, 
            8, 
            13, 
            5, 
            8, 
            10, 
            8, 
            10, 
            7, 
            8, 
            6, 
            6, 
            11, 
            8, 
            6, 
            7, 
            9, 
            8, 
            11, 
            13, 
            11, 
            7, 
            11, 
            12, 
            7, 
            6, 
            12, 
            11, 
            7, 
            11, 
            10, 
            9, 
            6, 
            7, 
            11, 
            12, 
            12, 
            13, 
            13, 
            11, 
            10, 
            7, 
            9, 
            12, 
            12, 
            11, 
            10, 
            12, 
            12, 
            10, 
            8, 
            6, 
            7, 
            10, 
            9, 
            9, 
            8, 
            6, 
            7, 
            9, 
            9, 
            10, 
            11, 
            8, 
            9, 
            7, 
            7, 
            13, 
            6, 
            8, 
            8, 
            7, 
            10, 
            7, 
            9, 
