{
    "Price-CAT": {
        "Rates": [
            0.059437, 
            0.081472, 
            0.111675, 
            0.153076, 
            0.209826, 
            0.287614, 
            0.394239, 
            0.540394, 
            0.740732, 
            1.01534, 
            1.391753, 
            1.907711, 
            2.614949, 
            3.584377, 
            4.913197, 
            6.734645, 
            9.231351, 
            12.653649, 
            17.34468, 
            23.774797
        ], 
        "SiteCategories": [
            8, 
            14, 
            12, 
            11, 
            9, 
            10, 
            8, 
            11, 
            13, 
            10, 
            7, 
            9, 
            10, 
            10, 
            9, 
            13, 
            8, 
            9, 
            9, 
            7, 
            9, 
            12, 
            10, 
            7, 
            9, 
            6, 
            7, 
            8, 
            7, 
            6, 
            6, 
            8, 
            7, 
            8, 
            8, 
            14, 
            7, 
            7, 
            9, 
            11, 
            13, 
            10, 
            12, 
            9, 
            12, 
            13, 
            7, 
            11, 
            6, 
            10, 
            7, 
            9, 
            6, 
            8, 
            6, 
            10, 
            8, 
            8, 
            9, 
            7, 
            12, 
            9, 
            13, 
            11, 
            6, 
            10, 
            11, 
            6, 
            11, 
            12, 
            11, 
            11, 
            9, 
            9, 
            14, 
            10, 
            9, 
            10, 
            7, 
            8, 
            9, 
            10, 
            7, 
            6, 
            13, 
            7, 
            9, 
            10, 
            7, 
            9, 
            9, 
            10, 
            6, 
            6, 
            13, 
            11, 
            12, 
            12, 
            9, 
            7, 
            12, 
            12, 
            7, 
            8, 
            9, 
            9, 
            6, 
            9, 
            7, 
            7, 
            7, 
            11, 
            7, 
            7, 
            7, 
            7, 
            8, 
            8, 
            11, 
            10, 
            7, 
            8, 
            13, 
            10, 
            12, 
            11, 
            14, 
            8, 
            9, 
            6, 
            7, 
            7, 
            6, 
            6, 
            7, 
            8, 
            6, 
            7, 
            7, 
            8, 
            7, 
            8, 
            11, 
            7, 
            10, 
            8, 
            6, 
            10, 
            7, 
            6, 
            6, 
            6, 
            9, 
            8, 
            7, 
            12, 
            9, 
            12, 
            7, 
            13, 
            12, 
            7, 
            14, 
            15, 
            14, 
            8, 
            13, 
            13, 
            7, 
            8, 
            7, 
            12, 
            13, 
            10, 
            8, 
            9, 
            7, 
            15, 
            6, 
            7, 
            6, 
            7, 
            9, 
            8, 
            7, 
            10, 
            7, 
            6, 
            9, 
            11, 
            7, 
            7, 
            12, 
            14, 
            11, 
            11, 
            12, 
            12, 
            10, 
            10, 
            12, 
            7, 
            7, 
            10, 
            9, 
            8, 
            7, 
            9, 
            7, 
            7, 
            6, 
            6, 
            7, 
            7, 
            9
        ], 
        "n_cats": 20
    }, 
    "empirical_frequencies": false, 
    "datatype": "AA", 
    "subs_model": "JTT", 
    "program": "FastTree Version 2.1.8 Double precision (No SSE3)", 
    "ras_model": "Price-CAT"
}