{
    "Price-CAT": {
        "Rates": [
            0.062351, 
            0.085466, 
            0.11715, 
            0.16058, 
            0.220111, 
            0.301712, 
            0.413565, 
            0.566884, 
            0.777042, 
            1.065112, 
            1.459976, 
            2.001226, 
            2.743132, 
            3.760081, 
            5.154039, 
            7.064773, 
            9.683866, 
            13.273923, 
            18.194906, 
            24.940224
        ], 
        "SiteCategories": [
            10, 
            10, 
            12, 
            12, 
            12, 
            12, 
            12, 
            15, 
            14, 
            14, 
            16, 
            10, 
            12, 
            13, 
            16, 
            7, 
            7, 
            10, 
            11, 
            11, 
            11, 
            9, 
            8, 
            8, 
            9, 
            8, 
            13, 
            8, 
            9, 
            7, 
            8, 
            12, 
            9, 
            9, 
            12, 
            8, 
            13, 
            12, 
            12, 
            11, 
            12, 
            14, 
            8, 
            10, 
            10, 
            14, 
            8, 
            8, 
            11, 
            7, 
            9, 
            9, 
            9, 
            7, 
            9, 
            9, 
            10, 
            7, 
            8, 
            8, 
            9, 
            11, 
            7, 
            11, 
            8, 
            8, 
            8, 
            8, 
            7, 
            10, 
            9, 
            7, 
            10, 
            7, 
            7, 
            7, 
            11, 
            8, 
            11, 
            7, 
            11, 
            10, 
            9, 
            7, 
            7, 
            11, 
            11, 
            13, 
            11, 
            9, 
            8, 
            8, 
            8, 
            9, 
            10, 
            8, 
            13, 
            12, 
            9, 
            10, 
            9, 
            13, 
            10, 
            12, 
            8, 
            8, 
            8, 
            9, 
            13, 
            8, 
            15, 
            9, 
            11, 
            7, 
            8, 
            14, 
            11, 
            13, 
            11, 
            10, 
            9, 
            8, 
            11, 
            8, 
            8, 
            7, 
            8, 
            8, 
            9, 
            9, 
            9, 
            11, 
            10, 
            13, 
            12, 
            8, 
            8, 
            8, 
            7, 
            7, 
            10, 
            7, 
            8, 
            8, 
            12, 
            8, 
            7, 
            12, 
            12, 
            10, 
            13, 
            9, 
            7, 
            8, 
            8, 
            14, 
            8, 
            8, 
            8, 
            8, 
            7, 
            11, 
            9, 
            9, 
            8, 
            8, 
            7, 
            8, 
            7, 
            11, 
            8, 
            9, 
            7, 
            11, 
            7, 
            8, 
            8, 
            8, 
            11, 
            10, 
            8, 
            12, 
            7, 
            8, 
            8, 
            7, 
            7, 
            11, 
            7, 
            9, 
            7, 
            8, 
            8, 
            7, 
            7, 
            7, 
            8, 
            7, 
            7, 
            8, 
            9, 
            8, 
            8, 
            11, 
            7, 
            8, 
            8, 
            10, 
            7, 
            7, 
            7, 
            8, 
            7, 
            7, 
            7, 
            11, 
            7, 
            8, 
            10, 
            9, 
            11, 
            7, 
            8, 
            12, 
            10, 
            11, 
            12, 
            7, 
            8, 
            9, 
            7, 
            8, 
            10, 
            8, 
            8, 
            7, 
            12, 
            8, 
            8, 
            7, 
            8, 
            8, 
            10, 
            7, 
            7, 
            7, 
            7, 
            8, 
            9, 
            9, 
            7, 
            7, 
            9, 
            8, 
            8, 
            11, 
            7, 
            8, 
            10, 
            7, 
            8, 
            8, 
            9, 
            8, 
            7, 
            8, 
            8, 
            10, 
            8, 
            9, 
            7, 
            8, 
            10, 
            12, 
            8, 
            11, 
            9, 
            12, 
            7, 
            12, 
            13, 
            8, 
            12, 
            11, 
            8, 
            8, 
            9, 
            10, 
            7, 
            8, 
            8, 
            9, 
            8, 
            7, 
            8, 
            10, 
            7, 
            7, 
            8, 
            11, 
            9, 
            9, 
            9, 
            8, 
            7, 
            8, 
            8, 
            8, 
            8, 
            7, 
            8, 
            8, 
            7, 
            8, 
            7, 
            13, 
            9, 
            8, 
            9, 
            8, 
            8, 
            7, 
            8, 
            13, 
            9, 
            9, 
            9, 
            12, 
            7, 
            7, 
            7, 
            8, 
            7, 
            8, 
            11, 
            11, 
            13, 
            8, 
            9, 
            8, 
            8, 
            7, 
            8, 
            8, 
            8, 
            8, 
            7, 
            9, 
            8
        ], 
        "n_cats": 20
    }, 
    "empirical_frequencies": false, 
    "datatype": "AA", 
    "subs_model": "JTT", 
    "program": "FastTree Version 2.1.8 Double precision (No SSE3)", 
    "ras_model": "Price-CAT"
}