{
    "Price-CAT": {
        "Rates": [
            0.054612, 
            0.074858, 
            0.102609, 
            0.140649, 
            0.192792, 
            0.264264, 
            0.362234, 
            0.496523, 
            0.680597, 
            0.932912, 
            1.278766, 
            1.752837, 
            2.402659, 
            3.293386, 
            4.514328, 
            6.187905, 
            8.48192, 
            11.626386, 
            15.936584, 
            21.844684
        ], 
        "SiteCategories": [
            14, 
            12, 
            15, 
            8, 
            12, 
            11, 
            7, 
            9, 
            10, 
            12, 
            10, 
            8, 
            8, 
            9, 
            13, 
            13, 
            12, 
            13, 
            13, 
            10, 
            13, 
            10, 
            13, 
            12, 
            9, 
            9, 
            13, 
            10, 
            7, 
            10, 
            8, 
            9, 
            7, 
            6, 
            7, 
            7, 
            7, 
            10, 
            12, 
            11, 
            7, 
            12, 
            14, 
            7, 
            5, 
            11, 
            7, 
            7, 
            12, 
            5, 
            6, 
            7, 
            7, 
            8, 
            5, 
            11, 
            7, 
            7, 
            9, 
            13, 
            11, 
            11, 
            7, 
            11, 
            12, 
            5, 
            9, 
            6, 
            14, 
            7, 
            10, 
            10, 
            11, 
            14, 
            13, 
            7, 
            10, 
            11, 
            9, 
            11, 
            7, 
            11, 
            6, 
            9, 
            10, 
            9, 
            6, 
            7, 
            13, 
            11, 
            8, 
            8, 
            10, 
            8, 
            12, 
            5, 
            6, 
            7, 
            8, 
            11, 
            8, 
            8, 
            9, 
            9, 
            9, 
            8, 
            9, 
            5, 
            6, 
            11, 
            9, 
            10, 
            11, 
            12, 
            6, 
            8, 
            13, 
            11, 
            9, 
            8, 
            8, 
            7, 
            5, 
            8, 
            13, 
            9, 
            10, 
            11, 
            11, 
            13, 
            12, 
            8, 
            8, 
            8, 
            7, 
            7, 
            7, 
            6, 
            8, 
            7, 
            9
        ], 
        "n_cats": 20
    }, 
    "empirical_frequencies": false, 
    "datatype": "AA", 
    "subs_model": "JTT", 
    "program": "FastTree Version 2.1.8 Double precision (No SSE3)", 
    "ras_model": "Price-CAT"
}