{
    "Price-CAT": {
        "Rates": [
            0.05051, 
            0.069235, 
            0.094903, 
            0.130086, 
            0.178312, 
            0.244417, 
            0.335028, 
            0.459232, 
            0.629481, 
            0.862845, 
            1.182724, 
            1.62119, 
            2.222207, 
            3.046035, 
            4.175279, 
            5.723161, 
            7.844884, 
            10.753183, 
            14.739663, 
            20.204034
        ], 
        "SiteCategories": [
            14, 
            6, 
            11, 
            5, 
            8, 
            11, 
            4, 
            4, 
            6, 
            11, 
            8, 
            12, 
            10, 
            7, 
            4, 
            7, 
            6, 
            6, 
            5, 
            7, 
            8, 
            7, 
            6, 
            4, 
            4, 
            6, 
            4, 
            5, 
            7, 
            11, 
            7, 
            12, 
            10, 
            12, 
            9, 
            7, 
            11, 
            6, 
            10, 
            11, 
            8, 
            8, 
            7, 
            10, 
            10, 
            8, 
            6, 
            8, 
            10, 
            12, 
            8, 
            10, 
            8, 
            14, 
            12, 
            6, 
            10, 
            11, 
            11, 
            10, 
            7, 
            12, 
            11, 
            9, 
            13, 
            8, 
            5, 
            8, 
            7, 
            8, 
            8, 
            11, 
            9, 
            5, 
            5, 
            9, 
            7, 
            6, 
            10, 
            10, 
            6, 
            8, 
            13, 
            12, 
            10, 
            12, 
            12, 
            14, 
            9, 
            12, 
            10, 
            13, 
            8, 
            9, 
            11, 
            11, 
            11, 
            12, 
            10, 
            10, 
            9, 
            6, 
            8, 
            13, 
            13, 
            7, 
            8, 
            11, 
            6, 
            9, 
            5, 
            5, 
            11, 
            12, 
            8, 
            12, 
            12, 
            10, 
            11, 
            8, 
            9, 
            12, 
            8, 
            5, 
            9, 
            11, 
            11, 
            5, 
            10, 
            7, 
            13, 
            13, 
            12, 
            10, 
            14, 
            13, 
            12, 
            11, 
            12, 
            9, 
            6, 
            9, 
            10, 
            9, 
            10, 
            5, 
            11, 
            4, 
            6, 
            5, 
            4, 
            7, 
            4, 
            11, 
            10, 
            7, 
            11, 
            5, 
            12, 
            7, 
            8, 
            5, 
            8, 
            8, 
            14, 
            14, 
            5, 
            13, 
            10, 
            14, 
            13, 
            8, 
            14, 
            12, 
            11, 
            11, 
            13, 
            13, 
            15, 
            12, 
            13, 
            10, 
            14, 
            14, 
            12, 
            11, 
            13, 
            8, 
            11, 
            14, 
            12, 
            14, 
            10, 
            12, 
            13, 
            11, 
            13, 
            14, 
            10, 
            13, 
            14, 
            9, 
            8, 
            13, 
            10, 
            9, 
            14, 
            9, 
            5, 
            4, 
            9, 
            6, 
            6, 
            6, 
            6, 
            4, 
            13, 
            9, 
            11, 
            7, 
            9, 
            7, 
            7, 
            6, 
            11, 
            10, 
            14, 
            6, 
            11, 
            13, 
            10, 
            10, 
            11, 
            13, 
            8, 
            11, 
            12, 
            11, 
            12, 
            13, 
            11, 
            4, 
            11, 
            13, 
            10, 
            8, 
            11, 
            7, 
            5, 
            5, 
            6, 
            10, 
            5, 
            9, 
            6, 
            6, 
            10, 
            10, 
            8, 
            10, 
            6, 
            6
        ], 
        "n_cats": 20
    }, 
    "empirical_frequencies": false, 
    "datatype": "AA", 
    "subs_model": "JTT", 
    "program": "FastTree Version 2.1.8 Double precision (No SSE3)", 
    "ras_model": "Price-CAT"
}