{
    "Price-CAT": {
        "Rates": [
            0.055288, 
            0.075785, 
            0.10388, 
            0.142391, 
            0.195179, 
            0.267536, 
            0.366719, 
            0.502671, 
            0.689024, 
            0.944463, 
            1.2946, 
            1.774541, 
            2.432408, 
            3.334164, 
            4.570225, 
            6.264524, 
            8.586943, 
            11.770343, 
            16.133911, 
            22.115165
        ], 
        "SiteCategories": [
            10, 
            10, 
            11, 
            11, 
            8, 
            10, 
            11, 
            9, 
            10, 
            6, 
            9, 
            6, 
            10, 
            9, 
            12, 
            10, 
            10, 
            8, 
            9, 
            9, 
            8, 
            6, 
            12, 
            8, 
            10, 
            10, 
            9, 
            13, 
            12, 
            9, 
            9, 
            10, 
            14, 
            10, 
            10, 
            9, 
            11, 
            6, 
            9, 
            10, 
            8, 
            7, 
            8, 
            8, 
            9, 
            10, 
            9, 
            12, 
            6, 
            10, 
            9, 
            8, 
            10, 
            10, 
            8, 
            9, 
            9, 
            8, 
            7, 
            9, 
            8, 
            9, 
            8, 
            7, 
            5, 
            8, 
            9, 
            13, 
            9, 
            13, 
            14, 
            10, 
            7, 
            11, 
            11, 
            13, 
            11, 
            8, 
            9, 
            7, 
            6, 
            12, 
            7, 
            10, 
            6, 
            7, 
            6, 
            8, 
            9, 
            12, 
            14, 
            9, 
            14, 
            10, 
            9, 
            11, 
            11, 
            12, 
            12, 
            12, 
            13, 
            13, 
            12, 
            9, 
            10, 
            11, 
            10, 
            13, 
            12, 
            7, 
            7, 
            9, 
            8, 
            11, 
            8, 
            9, 
            11, 
            8, 
            9, 
            7, 
            12, 
            8, 
            11, 
            10, 
            15, 
            12, 
            9, 
            9, 
            16, 
            11, 
            12, 
            13, 
            13, 
            8, 
            12, 
            15, 
            13, 
            12, 
            14, 
            15, 
            15, 
            9, 
            13, 
            10, 
            8, 
            12, 
            8, 
            9, 
            9, 
            9, 
            9, 
            12, 
            10, 
            13, 
            7, 
            8, 
            9, 
            11, 
            9, 
            10, 
            10, 
            8, 
            7, 
            7, 
            9, 
            8, 
            9, 
            7, 
            12, 
            9, 
            5, 
            11, 
            9, 
            9, 
            11, 
            9, 
            6, 
            11, 
            11, 
            8, 
            9, 
            8, 
            10, 
            8, 
            11, 
            11, 
            9, 
            9, 
            13, 
            10, 
            11, 
            12, 
            10, 
            12, 
            7, 
            9, 
            12, 
            14, 
            12, 
            14, 
            7, 
            8, 
            8, 
            14, 
            8, 
            8, 
            15, 
            8, 
            10, 
            11, 
            14, 
            10, 
            14, 
            14, 
            7, 
            10, 
            14, 
            12, 
            10, 
            8, 
            13, 
            15, 
            15, 
            9, 
            13, 
            10, 
            12, 
            10, 
            14, 
            15, 
            9, 
            12, 
            7, 
            11, 
            8, 
            9, 
            7, 
            5, 
            8, 
            13, 
            7, 
            8, 
            10, 
            11, 
            10, 
            10, 
            8, 
            10, 
            10, 
            10, 
            11, 
            9, 
            9, 
            6, 
            12, 
            6, 
            6, 
            6, 
            9, 
            9, 
            6, 
            8, 
            9, 
            11, 
            14, 
            9, 
            11, 
            13, 
            7, 
            10, 
            8, 
            9, 
            9, 
            10, 
            9, 
            9, 
            12, 
            11, 
            10, 
            7, 
            6, 
            12, 
            13, 
            11, 
            12, 
            8, 
            8, 
            13, 
            10, 
            9, 
            14, 
            12, 
            7, 
            14, 
            9, 
            12, 
            9, 
            9, 
            15, 
            8, 
            8, 
            14, 
            7, 
            11, 
            13, 
            12, 
            8, 
            12, 
            11, 
            10, 
            5, 
            10, 
            7, 
            12, 
            8, 
            7, 
            10, 
            9, 
            8, 
            8, 
            8, 
            13, 
            11, 
            9, 
            9, 
            12, 
            9, 
            7, 
            10, 
            11, 
            7, 
            6, 
            7, 
            11, 
            7, 
            10, 
            12, 
            12, 
            13, 
            9, 
            10, 
            11, 
            13, 
            12, 
            13, 
            7, 
            12, 
            11, 
            8, 
            11, 
            10, 
            9, 
            7, 
            8, 
            9, 
            6, 
            6, 
            7, 
            8, 
            6, 
            8, 
            9, 
            10, 
            8, 
            9, 
            12, 
            8, 
            9, 
            7, 
            8, 
            6, 
            9, 
            8, 
            7, 
            7, 
            9, 
            11, 
            8, 
            6, 
            7, 
            10, 
            10, 
            12, 
            14, 
            8, 
            13, 
            14, 
            8, 
            9, 
            10, 
            10, 
            8, 
            11, 
            8, 
            12, 
            8, 
            6, 
            9, 
            9, 
            10, 
            6, 
            7, 
            9, 
            7, 
            5, 
            8, 
            12, 
            9, 
            8, 
            8, 
            8, 
            7, 
            7, 
            6, 
            8, 
            8, 
            8, 
            11, 
            8, 
            11, 
            6, 
            5, 
            6, 
            11, 
            11, 
            12, 
            6, 
            7, 
            7, 
            11, 
            9, 
            8, 
            8, 
            8, 
            6, 
            8, 
            11, 
            7, 
            7, 
            12, 
            7, 
            6, 
            9, 
            12, 
            6, 
            6, 
            11, 
            13, 
            9, 
            7, 
            9, 
            13, 
            13, 
