{
    "Price-CAT": {
        "Rates": [
            0.055283, 
            0.075777, 
            0.10387, 
            0.142377, 
            0.19516, 
            0.267511, 
            0.366684, 
            0.502623, 
            0.688959, 
            0.944374, 
            1.294477, 
            1.774373, 
            2.432178, 
            3.333849, 
            4.569792, 
            6.263931, 
            8.58613, 
            11.769229, 
            16.132383, 
            22.113071
        ], 
        "SiteCategories": [
            12, 
            12, 
            12, 
            12, 
            13, 
            12, 
            12, 
            13, 
            10, 
            7, 
            12, 
            7, 
            11, 
            7, 
            8, 
            5, 
            7, 
            7, 
            8, 
            7, 
            9, 
            12, 
            9, 
            10, 
            14, 
            6, 
            6, 
            8, 
            7, 
            9, 
            9, 
            7, 
            8, 
            11, 
            9, 
            13, 
            12, 
            11, 
            12, 
            11, 
            7, 
            6, 
            9, 
            7, 
            8, 
            10, 
            7, 
            10, 
            8, 
            11, 
            6, 
            12, 
            13, 
            9, 
            12, 
            6, 
            8, 
            11, 
            8, 
            10, 
            7, 
            10, 
            6, 
            6, 
            6, 
            8, 
            8, 
            8, 
            8, 
            11, 
            11, 
            6, 
            8, 
            11, 
            13, 
            8, 
            6, 
            7, 
            13, 
            9, 
            10, 
            8, 
            7, 
            9, 
            6, 
            10, 
            9, 
            8, 
            11, 
            10, 
            8, 
            10, 
            9, 
            11, 
            8, 
            6, 
            7, 
            8, 
            6, 
            7, 
            7, 
            10, 
            7, 
            8, 
            8, 
            9, 
            6, 
            14, 
            7, 
            6, 
            14, 
            12, 
            11, 
            11, 
            12, 
            11, 
            14, 
            11, 
            9, 
            6, 
            7, 
            9, 
            7, 
            13, 
            11, 
            7, 
            11, 
            12, 
            10, 
            6, 
            9, 
            11, 
            12, 
            12, 
            14, 
            10, 
            13, 
            13
        ], 
        "n_cats": 20
    }, 
    "empirical_frequencies": false, 
    "datatype": "AA", 
    "subs_model": "JTT", 
    "program": "FastTree Version 2.1.8 Double precision (No SSE3)", 
    "ras_model": "Price-CAT"
}