{
    "Price-CAT": {
        "Rates": [
            0.057087, 
            0.07825, 
            0.107259, 
            0.147023, 
            0.201528, 
            0.27624, 
            0.378649, 
            0.519024, 
            0.71144, 
            0.975189, 
            1.336717, 
            1.832272, 
            2.511542, 
            3.442635, 
            4.718908, 
            6.468328, 
            8.866303, 
            12.153269, 
            16.658797, 
            22.83464
        ], 
        "SiteCategories": [
            12, 
            13, 
            12, 
            11, 
            9, 
            14, 
            10, 
            10, 
            13, 
            11, 
            10, 
            14, 
            10, 
            10, 
            11, 
            11, 
            11, 
            12, 
            10, 
            12, 
            10, 
            7, 
            9, 
            11, 
            7, 
            8, 
            8, 
            12, 
            7, 
            6, 
            7, 
            6, 
            9, 
            6, 
            9, 
            12, 
            7, 
            9, 
            9, 
            9, 
            7, 
            7, 
            6, 
            6, 
            7, 
            6, 
            6, 
            6, 
            9, 
            12, 
            8, 
            9, 
            9, 
            8, 
            12, 
            7, 
            9, 
            6, 
            11, 
            7, 
            9, 
            7, 
            8, 
            10, 
            6, 
            12, 
            12, 
            8, 
            9, 
            8, 
            8, 
            9, 
            7, 
            9, 
            6, 
            7, 
            13, 
            6, 
            9, 
            11, 
            10, 
            6, 
            8, 
            8, 
            7, 
            7, 
            9, 
            12, 
            7, 
            9, 
            9, 
            10, 
            11, 
            7, 
            7, 
            10, 
            14, 
            13, 
            12, 
            12, 
            10, 
            10, 
            7, 
            11, 
            11, 
            7, 
            9, 
            13, 
            6, 
            10, 
            11, 
            8, 
            8, 
            9, 
            7, 
            9, 
            9, 
            11, 
            7, 
            7, 
            12, 
            9, 
            6, 
            10, 
            11, 
            12, 
            7, 
            7, 
            10, 
            12, 
            7, 
            8, 
            10, 
            9, 
            12, 
            9, 
            9, 
            9, 
            11, 
            10, 
            10, 
            6, 
            9, 
            11, 
            9, 
            9, 
            6, 
            10, 
            6, 
            9, 
            7, 
            10, 
            6, 
            7, 
            14, 
            13, 
            9, 
            7, 
            15, 
            8, 
            13, 
            15, 
            9, 
            9, 
            9, 
            15, 
            9, 
            9, 
            14, 
            7, 
            14, 
            9, 
            6, 
            8, 
            9, 
            9, 
            8, 
            7, 
            7, 
            7, 
            8, 
            7, 
            6, 
            16, 
            11, 
            14, 
            13, 
            11, 
            7, 
            14, 
            11, 
            11, 
            15, 
            13, 
            7, 
            10, 
            13, 
            7, 
            13, 
            13, 
            10, 
            9, 
            7, 
            10, 
            7, 
            8, 
            11, 
            7, 
            8, 
            10, 
            13, 
            9, 
            12, 
            11, 
            8, 
            12, 
            7, 
            6, 
            13, 
            12, 
            7, 
            7, 
            8, 
            12, 
            10, 
            12, 
            11, 
            15, 
            13, 
            12, 
            13, 
            15, 
            7, 
            9, 
            12, 
            12, 
            6, 
            7, 
            14, 
            8, 
            12, 
            7, 
            12, 
            14, 
            11, 
            10, 
            9, 
            8, 
            11, 
            12, 
            9, 
            9, 
            7, 
            7, 
            7, 
            6, 
            7, 
            7, 
            8, 
            9, 
            6, 
            9, 
            13, 
            7, 
            12, 
            12, 
            14, 
            9, 
            11, 
            15, 
            13, 
            7, 
            13, 
            14, 
            13, 
            13, 
            8, 
            10, 
            6, 
            9, 
            6, 
            10, 
            7, 
            7, 
            6, 
            7, 
            10, 
            11, 
            7, 
            7, 
            8, 
            9, 
            11, 
            7, 
            6, 
            6, 
            6, 
            13, 
            6, 
            10, 
            7, 
            8, 
            7, 
            7, 
            7, 
            6, 
            6, 
            8, 
            8, 
            7, 
            7, 
            11, 
            9, 
            11, 
            10, 
            9, 
            10, 
            8, 
            7, 
            7, 
            6, 
            9, 
            7, 
            9, 
            7, 
            7, 
            8, 
            6, 
            6, 
            6, 
            7, 
            10, 
            7, 
            7, 
            11, 
            6, 
            11, 
            7, 
            7, 
            7, 
            6, 
            8, 
            6, 
            7, 
            8, 
            8, 
            14, 
            9, 
            10, 
            9, 
            8, 
            13, 
            8, 
            9, 
            9, 
            6, 
            11, 
            11, 
            9, 
            7, 
            9, 
            6, 
            11, 
            10, 
            8, 
            11, 
            11, 
            11, 
            8, 
            7, 
            6, 
            10, 
            8, 
            6, 
            8, 
            6, 
            6, 
            8, 
            6, 
            8, 
            10, 
            6, 
            7, 
            6, 
            6, 
            7, 
            9, 
            7, 
            9, 
            10, 
            6, 
            6, 
            6, 
            9, 
            7, 
            7, 
            7, 
            6, 
            7, 
            7, 
            6, 
            8, 
            10, 
            6, 
            11, 
            7, 
            8, 
            7, 
            6, 
            6, 
            8, 
            7, 
            11, 
            12, 
            10, 
            6, 
            12, 
            12, 
            10, 
            13, 
            10, 
            10, 
            13, 
            11, 
            11, 
            11, 
            6, 
            10, 
            8, 
            6, 
            10, 
            9, 
            6, 
            9, 
            6, 
            8, 
            9, 
            9, 
            10, 
            9, 
            10, 
            7, 
            10, 
            7, 
            9, 
            11, 
            6, 
            13, 
            13, 
            7, 
            12, 
            11, 
            7, 
            13, 
            10, 
