{
    "Price-CAT": {
        "Rates": [
            0.051946, 
            0.071204, 
            0.097602, 
            0.133785, 
            0.183382, 
            0.251367, 
            0.344555, 
            0.47229, 
            0.647381, 
            0.887381, 
            1.216356, 
            1.667291, 
            2.285398, 
            3.132653, 
            4.294008, 
            5.885907, 
            8.067963, 
            11.058964, 
            15.158805, 
            20.778562
        ], 
        "SiteCategories": [
            7, 
            9, 
            9, 
            9, 
            9, 
            7, 
            9, 
            10, 
            8, 
            10, 
            9, 
            8, 
            9, 
            8, 
            10, 
            9, 
            7, 
            9, 
            9, 
            9, 
            9, 
            9, 
            10, 
            10, 
            7, 
            8, 
            9, 
            8, 
            9, 
            8, 
            8, 
            7, 
            11, 
            9, 
            6, 
            9, 
            10, 
            11, 
            11, 
            8, 
            11, 
            11, 
            8, 
            10, 
            10, 
            12, 
            11, 
            9, 
            9, 
            11, 
            12, 
            13, 
            12, 
            11, 
            12, 
            9, 
            10, 
            11, 
            9, 
            9, 
            13, 
            9, 
            8, 
            9, 
            10, 
            11, 
            8, 
            8, 
            9, 
            9, 
            10, 
            8, 
            10, 
            9, 
            9, 
            10, 
            9, 
            7, 
            6, 
            8, 
            7, 
            8, 
            9, 
            8, 
            7, 
            10, 
            11, 
            8, 
            8, 
            12, 
            11, 
            11, 
            10, 
            9, 
            11, 
            10, 
            12, 
            10, 
            11, 
            10, 
            10, 
            9, 
            10, 
            10, 
            8, 
            7, 
            8, 
            10, 
            10, 
            9, 
            10, 
            9, 
            12, 
            14, 
            10, 
            12, 
            11, 
            9, 
            9, 
            9, 
            12, 
            11, 
            10, 
            9, 
            11, 
            12, 
            9, 
            13, 
            10, 
            13, 
            11, 
            14, 
            12, 
            12, 
            8, 
            12, 
            13, 
            12, 
            12, 
            13, 
            14, 
            11, 
            11, 
            11, 
            14, 
            14, 
            12, 
            13, 
            14, 
            14, 
            12, 
            11, 
            12, 
            7, 
            12, 
            11, 
            11, 
            10, 
            11, 
            10, 
            10, 
            8, 
            13, 
            8, 
            15, 
            13, 
            9, 
            13, 
            8, 
            9, 
            9, 
            9, 
            10, 
            7, 
            7, 
            13, 
            11, 
            8, 
            10, 
            12, 
            10, 
            8, 
            10, 
            10, 
            8, 
            7, 
            11, 
            7, 
            7, 
            11, 
            5, 
            7, 
            5, 
            9, 
            10, 
            8, 
            9, 
            8, 
            9, 
            9, 
            6, 
            6, 
            8, 
            7, 
            6, 
            8, 
            10, 
            8, 
            5, 
            10, 
            9, 
            7, 
            10, 
            9, 
            8, 
            13, 
            12, 
            13, 
            11, 
            10, 
            7, 
            13, 
            13, 
            8, 
            11, 
            12, 
            12, 
            14, 
            11, 
            12, 
            11, 
            8, 
            6, 
            12, 
            11, 
            10, 
            9, 
            10, 
            7, 
            8, 
            7, 
            8, 
            8, 
            5, 
            7, 
            8, 
            8, 
            7, 
            9, 
            7, 
            11, 
            8, 
            12, 
            9, 
            11, 
            11, 
            9, 
            11, 
            12, 
            14, 
            12, 
            11, 
            8, 
            10, 
            8, 
            5, 
            8, 
            7, 
            7, 
            7, 
            9, 
            9, 
            10, 
            8, 
            9, 
            8, 
            8, 
            8, 
            5, 
            8, 
            9, 
            10, 
            8, 
            7, 
            7, 
            6, 
            9, 
            8, 
            8, 
            9, 
            9, 
            8, 
            8, 
            8, 
            10, 
            11, 
            11, 
            9, 
            10, 
            8, 
            7, 
            6, 
            7, 
            5, 
            13, 
            11, 
            7, 
            9, 
            9, 
            8, 
            9, 
            7, 
            7, 
            10, 
            7, 
            12, 
            7, 
            8, 
            10, 
            7, 
            8, 
            8, 
            9, 
            9, 
            9, 
            14, 
            9, 
            13, 
            8, 
            7, 
            9, 
            10, 
            13, 
            11, 
            7, 
            11, 
            12, 
            7, 
            6, 
            14, 
            9, 
            10, 
            7, 
            13, 
            11, 
            10, 
            8, 
            14, 
            9, 
            7, 
            12, 
            9, 
            14, 
            8, 
            10, 
            10, 
            14, 
            9, 
            11, 
            14, 
            11, 
            9, 
            10, 
            12, 
            11, 
            11, 
            12, 
            10, 
            10, 
            7, 
            11, 
            9, 
            8, 
            11, 
            10, 
            7, 
            6, 
            8, 
            6, 
            6, 
            7, 
            9, 
            11, 
            7, 
            9, 
            8, 
            12, 
            10, 
            9, 
            13, 
            12, 
            8, 
            14, 
            12, 
            11, 
            12, 
            10, 
            9, 
            11, 
            14, 
            11, 
            12, 
            13, 
            12, 
            9, 
            12, 
            13, 
            11, 
            10, 
            9, 
            14, 
            11, 
            11, 
            10, 
            12, 
            14, 
            9, 
            13, 
            14, 
            13, 
            12, 
            13, 
            11, 
            8, 
            13, 
            11, 
            12, 
            11, 
            11, 
            11, 
            10, 
            12, 
            10, 
            12, 
            12, 
            14, 
            7, 
            12, 
            10, 
            13, 
            11, 
            9, 
            8, 
            13, 
            10, 
            10, 
            11, 
            13, 
            10, 
            6, 
            9, 
