{
    "Price-CAT": {
        "Rates": [
            0.049528, 
            0.06789, 
            0.093059, 
            0.127558, 
            0.174847, 
            0.239667, 
            0.328517, 
            0.450307, 
            0.617247, 
            0.846077, 
            1.159739, 
            1.589684, 
            2.179021, 
            2.98684, 
            4.094138, 
            5.611939, 
            7.692429, 
            10.544209, 
            14.453218, 
            19.811396
        ], 
        "SiteCategories": [
            12, 
            12, 
            11, 
            14, 
            12, 
            13, 
            8, 
            14, 
            12, 
            7, 
            14, 
            15, 
            11, 
            12, 
            14, 
            12, 
            11, 
            14, 
            14, 
            12, 
            11, 
            13, 
            14, 
            12, 
            10, 
            14, 
            15, 
            12, 
            12, 
            14, 
            12, 
            6, 
            13, 
            14, 
            4, 
            10, 
            12, 
            12, 
            11, 
            9, 
            9, 
            6, 
            8, 
            5, 
            5, 
            7, 
            5, 
            5, 
            4, 
            10, 
            12, 
            8, 
            7, 
            11, 
            11, 
            13, 
            12, 
            12, 
            13, 
            13, 
            12, 
            11, 
            10, 
            12, 
            11, 
            13, 
            12, 
            8, 
            12, 
            12, 
            11, 
            11, 
            11, 
            13, 
            12, 
            6, 
            10, 
            12, 
            13, 
            11, 
            5, 
            7, 
            14, 
            13, 
            7, 
            9, 
            13, 
            11, 
            11, 
            12, 
            7, 
            8, 
            7, 
            6, 
            5, 
            10, 
            4, 
            8, 
            6, 
            5, 
            9, 
            9, 
            3, 
            3, 
            8, 
            10, 
            5, 
            10, 
            12, 
            4, 
            5, 
            10, 
            11, 
            5, 
            10, 
            13, 
            5, 
            7, 
            9, 
            11, 
            10, 
            9, 
            12, 
            12, 
            9, 
            12, 
            12, 
            12, 
            13, 
            14, 
            13, 
            10, 
            11, 
            13, 
            12, 
            12, 
            7, 
            11, 
            10, 
            3, 
            9, 
            7, 
            12, 
            8, 
            11, 
            11, 
            8, 
            7, 
            9, 
            11, 
            5, 
            4, 
            11, 
            5, 
            5, 
            9, 
            8, 
            5, 
            6, 
            7, 
            7, 
            4, 
            4, 
            9, 
            7, 
            7, 
            5, 
            7, 
            5, 
            7, 
            6, 
            7, 
            4, 
            5, 
            5, 
            4, 
            5, 
            7, 
            6, 
            7, 
            5, 
            5, 
            7, 
            11, 
            10, 
            5, 
            6, 
            10, 
            5, 
            7, 
            4, 
            12, 
            6, 
            11, 
            11, 
            10, 
            10, 
            10, 
            13, 
            7, 
            13, 
            12, 
            11, 
            7, 
            13, 
            11, 
            8, 
            11, 
            13, 
            7, 
            7, 
            12, 
            11, 
            10, 
            7, 
            10, 
            7, 
            7, 
            8, 
            7, 
            4, 
            4, 
            8, 
            8, 
            7, 
            12, 
            5, 
            7, 
            4, 
            5, 
            6, 
            5, 
            11, 
            13, 
            13
        ], 
        "n_cats": 20
    }, 
    "empirical_frequencies": false, 
    "datatype": "AA", 
    "subs_model": "JTT", 
    "program": "FastTree Version 2.1.8 Double precision (No SSE3)", 
    "ras_model": "Price-CAT"
}