{
    "Price-CAT": {
        "Rates": [
            0.051431, 
            0.070497, 
            0.096632, 
            0.132456, 
            0.181561, 
            0.248871, 
            0.341134, 
            0.4676, 
            0.640952, 
            0.878569, 
            1.204277, 
            1.650734, 
            2.262703, 
            3.101545, 
            4.251367, 
            5.827457, 
            7.987845, 
            10.949144, 
            15.008272, 
            20.572222
        ], 
        "SiteCategories": [
            13, 
            13, 
            11, 
            14, 
            11, 
            10, 
            9, 
            7, 
            12, 
            7, 
            13, 
            9, 
            10, 
            14, 
            13, 
            13, 
            12, 
            13, 
            12, 
            12, 
            6, 
            9, 
            9, 
            8, 
            11, 
            11, 
            10, 
            11, 
            11, 
            13, 
            9, 
            12, 
            14, 
            12, 
            12, 
            12, 
            15, 
            14, 
            12, 
            15, 
            13, 
            11, 
            10, 
            13, 
            13, 
            12, 
            14, 
            14, 
            11, 
            9, 
            14, 
            13, 
            14, 
            7, 
            5, 
            12, 
            13, 
            7, 
            13, 
            12, 
            12, 
            9, 
            11, 
            12, 
            12, 
            11, 
            9, 
            10, 
            12, 
            11, 
            8, 
            9, 
            10, 
            11, 
            14, 
            10, 
            12, 
            13, 
            8, 
            11, 
            8, 
            10, 
            11, 
            12, 
            7, 
            13, 
            8, 
            9, 
            8, 
            8, 
            10, 
            11, 
            10, 
            4, 
            7, 
            10, 
            7, 
            7, 
            10, 
            12, 
            5, 
            11, 
            10, 
            11, 
            9, 
            14, 
            10, 
            9, 
            11, 
            9, 
            6, 
            10, 
            10, 
            6, 
            7, 
            5, 
            7, 
            5, 
            4, 
            4, 
            6, 
            5, 
            10, 
            8, 
            6, 
            8, 
            9, 
            9, 
            7, 
            5, 
            13, 
            11, 
            7, 
            6, 
            10, 
            8, 
            7, 
            13, 
            12, 
            10, 
            9, 
            6, 
            13, 
            12, 
            9, 
            8, 
            14, 
            10, 
            6, 
            12, 
            13, 
            5, 
            10, 
            9, 
            12, 
            8, 
            9, 
            5, 
            6, 
            5, 
            9, 
            8, 
            5, 
            6, 
            8, 
            7, 
            5, 
            5, 
            6, 
            4, 
            6, 
            7, 
            6, 
            5, 
            6, 
            6, 
            6, 
            4, 
            10, 
            9, 
            4, 
            6, 
            6, 
            7, 
            7, 
            10, 
            10, 
            4, 
            10, 
            12, 
            12, 
            7, 
            8, 
            5, 
            10, 
            13, 
            11, 
            5, 
            9, 
            5, 
            11, 
            8, 
            12, 
            6, 
            7, 
            11, 
            6, 
            7, 
            9, 
            8, 
            8, 
            5, 
            6, 
            8, 
            6, 
            6, 
            9, 
            5, 
            6, 
            9, 
            9, 
            8, 
            7, 
            7, 
            11, 
            6, 
            10, 
            13, 
            8, 
            12, 
            8
        ], 
        "n_cats": 20
    }, 
    "empirical_frequencies": false, 
    "datatype": "AA", 
    "subs_model": "JTT", 
    "program": "FastTree Version 2.1.8 Double precision (No SSE3)", 
    "ras_model": "Price-CAT"
}