{
    "Price-CAT": {
        "Rates": [
            0.059004, 
            0.080878, 
            0.110861, 
            0.15196, 
            0.208296, 
            0.285517, 
            0.391365, 
            0.536454, 
            0.735331, 
            1.007937, 
            1.381605, 
            1.893802, 
            2.595883, 
            3.558243, 
            4.877374, 
            6.685542, 
            9.164044, 
            12.561389, 
            17.218218, 
            23.601452
        ], 
        "SiteCategories": [
            8, 
            11, 
            11, 
            12, 
            12, 
            12, 
            11, 
            12, 
            14, 
            14, 
            15, 
            12, 
            14, 
            8, 
            14, 
            13, 
            10, 
            13, 
            15, 
            13, 
            13, 
            9, 
            8, 
            8, 
            13, 
            8, 
            7, 
            9, 
            8, 
            7, 
            8, 
            8, 
            8, 
            8, 
            12, 
            10, 
            8, 
            11, 
            8, 
            13, 
            9, 
            11, 
            11, 
            7, 
            12, 
            13, 
            12, 
            12, 
            8, 
            11, 
            10, 
            8, 
            12, 
            9, 
            7, 
            8, 
            9, 
            7, 
            7, 
            7, 
            7, 
            8, 
            7, 
            7, 
            7, 
            8, 
            7, 
            10, 
            8, 
            8, 
            8, 
            13, 
            9, 
            8, 
            7, 
            7, 
            7, 
            7, 
            13, 
            8, 
            9, 
            11, 
            12, 
            8, 
            11, 
            7, 
            9, 
            8, 
            7, 
            8, 
            13, 
            7, 
            11, 
            9, 
            9, 
            12, 
            8, 
            9, 
            9, 
            11, 
            9, 
            14, 
            11, 
            7, 
            8, 
            8, 
            8, 
            7, 
            8, 
            8, 
            12, 
            8, 
            12, 
            12, 
            13, 
            8, 
            13, 
            7, 
            8, 
            13, 
            14, 
            8, 
            11, 
            14, 
            14, 
            12, 
            11, 
            8, 
            7, 
            7, 
            8, 
            7, 
            10, 
            7, 
            12, 
            7, 
            8, 
            8, 
            7, 
            7, 
            8, 
            8, 
            7, 
            12, 
            7, 
            7, 
            9, 
            9, 
            7, 
            8, 
            9, 
            9, 
            7, 
            7, 
            13, 
            8, 
            7, 
            8, 
            12, 
            13, 
            8, 
            8, 
            8, 
            8, 
            7, 
            8, 
            7, 
            8, 
            7, 
            7, 
            8, 
            7, 
            8, 
            8, 
            8, 
            7, 
            8, 
            8, 
            7, 
            8, 
            7, 
            8, 
            7, 
            11, 
            7, 
            8, 
            7, 
            7, 
            7, 
            7, 
            8, 
            7, 
            8, 
            7, 
            7, 
            8, 
            9, 
            7, 
            9, 
            12, 
            8, 
            7, 
            8, 
            10, 
            7, 
            8, 
            8, 
            8, 
            8, 
            8, 
            8, 
            7, 
            7, 
            7, 
            7, 
            8, 
            7, 
            8, 
            7, 
            9, 
            7, 
            8, 
            9, 
            8, 
            10, 
            10, 
            8, 
            13, 
            10, 
            14, 
            10, 
            7, 
            13, 
            7, 
            14, 
            9, 
            8, 
            12, 
            10, 
            8, 
            7, 
            9, 
            11, 
            7, 
            7, 
            8, 
            8, 
            7, 
            8, 
            7, 
            7, 
            7, 
            9, 
            8, 
            8, 
            8, 
            7, 
            8, 
            7, 
            8, 
            7, 
            9, 
            7, 
            7, 
            8, 
            7, 
            7, 
            7, 
            7, 
            12, 
            8, 
            7, 
            8, 
            8, 
            8, 
            11, 
            13, 
            8, 
            8, 
            7, 
            13, 
            11, 
            7, 
            8, 
            12, 
            7, 
            12, 
            12, 
            9, 
            13, 
            10, 
            7, 
            7, 
            7, 
            8, 
            7, 
            8, 
            7, 
            8, 
            12, 
            7, 
            8, 
            7, 
            7, 
            7, 
            12, 
            11, 
            7, 
            9, 
            12, 
            8, 
            9, 
            9, 
            8, 
            9, 
            9, 
            8, 
            7, 
            7, 
            8, 
            14, 
            7, 
            7, 
            8, 
            11, 
            8, 
            8, 
            11, 
            7, 
            7, 
            7, 
            7, 
            7, 
            7, 
            7, 
            7, 
            7, 
            7, 
            8, 
            8, 
            8, 
            7, 
            8, 
            7, 
            13, 
            15, 
            14, 
            13, 
            11, 
            9, 
            13, 
            14, 
            11, 
            10, 
            14, 
            15, 
            14, 
            13
        ], 
        "n_cats": 20
    }, 
    "empirical_frequencies": false, 
    "datatype": "AA", 
    "subs_model": "JTT", 
    "program": "FastTree Version 2.1.8 Double precision (No SSE3)", 
    "ras_model": "Price-CAT"
}