{
    "Price-CAT": {
        "Rates": [
            0.056162, 
            0.076983, 
            0.105523, 
            0.144643, 
            0.198265, 
            0.271767, 
            0.372518, 
            0.510621, 
            0.699921, 
            0.959399, 
            1.315073, 
            1.802604, 
            2.470876, 
            3.386893, 
            4.642501, 
            6.363595, 
            8.722743, 
            11.956487, 
            16.389063, 
            22.464908
        ], 
        "SiteCategories": [
            8, 
            11, 
            11, 
            13, 
            8, 
            8, 
            8, 
            9, 
            10, 
            13, 
            10, 
            11, 
            12, 
            10, 
            9, 
            8, 
            7, 
            8, 
            8, 
            7, 
            8, 
            8, 
            7, 
            8, 
            10, 
            10, 
            8, 
            7, 
            6, 
            6, 
            5, 
            8, 
            6, 
            6, 
            7, 
            10, 
            9, 
            7, 
            13, 
            7, 
            8, 
            9, 
            11, 
            6, 
            11, 
            9, 
            10, 
            14, 
            12, 
            12, 
            14, 
            13, 
            8, 
            6, 
            12, 
            10, 
            12, 
            11, 
            8, 
            11, 
            13, 
            14, 
            7, 
            6, 
            13, 
            7, 
            11, 
            6, 
            7, 
            8, 
            5, 
            6, 
            8, 
            6, 
            5, 
            6, 
            6, 
            6, 
            8, 
            7, 
            10, 
            9, 
            9, 
            6, 
            7, 
            7, 
            10, 
            6, 
            6, 
            11, 
            11, 
            6, 
            7, 
            6, 
            8, 
            11, 
            7, 
            8, 
            12, 
            11, 
            8, 
            9, 
            13, 
            8, 
            6, 
            13, 
            10, 
            6, 
            13, 
            11, 
            9, 
            8, 
            8, 
            11, 
            7, 
            10, 
            13, 
            7, 
            10, 
            11, 
            7, 
            5, 
            8, 
            10, 
            6, 
            6, 
            8, 
            12, 
            9, 
            12, 
            13, 
            12, 
            9, 
            12, 
            14, 
            11, 
            10, 
            14, 
            14, 
            11, 
            12, 
            9, 
            10, 
            9, 
            8, 
            7, 
            8, 
            12, 
            13, 
            9, 
            8, 
            12, 
            12, 
            6, 
            13, 
            9, 
            9, 
            9, 
            13, 
            11
        ], 
        "n_cats": 20
    }, 
    "empirical_frequencies": false, 
    "datatype": "AA", 
    "subs_model": "JTT", 
    "program": "FastTree Version 2.1.8 Double precision (No SSE3)", 
    "ras_model": "Price-CAT"
}