{
    "Price-CAT": {
        "Rates": [
            0.051792, 
            0.070993, 
            0.097312, 
            0.133388, 
            0.182839, 
            0.250622, 
            0.343534, 
            0.470891, 
            0.645462, 
            0.884751, 
            1.212751, 
            1.662349, 
            2.278624, 
            3.123369, 
            4.281282, 
            5.868463, 
            8.044052, 
            11.026188, 
            15.113878, 
            20.71698
        ], 
        "SiteCategories": [
            10, 
            10, 
            8, 
            10, 
            8, 
            9, 
            7, 
            11, 
            11, 
            11, 
            8, 
            12, 
            14, 
            10, 
            14, 
            12, 
            14, 
            12, 
            13, 
            13, 
            13, 
            12, 
            14, 
            8, 
            10, 
            7, 
            11, 
            9, 
            9, 
            9, 
            8, 
            6, 
            8, 
            7, 
            9, 
            10, 
            10, 
            9, 
            10, 
            12, 
            13, 
            9, 
            10, 
            11, 
            8, 
            5, 
            9, 
            12, 
            11, 
            8, 
            12, 
            14, 
            10, 
            13, 
            6, 
            9, 
            8, 
            8, 
            7, 
            8, 
            9, 
            13, 
            12, 
            10, 
            8, 
            9, 
            11, 
            8, 
            10, 
            10, 
            9, 
            14, 
            10, 
            13, 
            15, 
            9, 
            12, 
            9, 
            6, 
            9, 
            13, 
            7, 
            12, 
            12, 
            8, 
            11, 
            12, 
            7, 
            7, 
            11, 
            11, 
            13, 
            10, 
            10, 
            14, 
            14, 
            14, 
            11, 
            8, 
            8, 
            10, 
            11, 
            12, 
            12, 
            8, 
            11, 
            14, 
            11, 
            9, 
            9, 
            11, 
            10, 
            10, 
            15, 
            12, 
            10, 
            5, 
            11, 
            13, 
            7, 
            6, 
            8, 
            5, 
            9, 
            12, 
            5, 
            10, 
            7, 
            6, 
            11, 
            8, 
            6, 
            12, 
            9, 
            5, 
            6, 
            9, 
            11, 
            10, 
            8, 
            5, 
            12, 
            8, 
            8, 
            6, 
            8, 
            8, 
            5, 
            6, 
            7, 
            5, 
            5, 
            6, 
            6, 
            6, 
            6, 
            5, 
            5, 
            5, 
            5, 
            6, 
            6, 
            8, 
            10, 
            10, 
            7, 
            13, 
            5, 
            8, 
            5, 
            10, 
            5, 
            7, 
            11, 
            13, 
            12, 
            13, 
            7, 
            13, 
            8, 
            9, 
            6, 
            8, 
            8, 
            9, 
            6, 
            5, 
            8, 
            6, 
            9, 
            9, 
            8, 
            9, 
            11, 
            11, 
            10, 
            12, 
            14, 
            8, 
            13, 
            12, 
            12, 
            13, 
            7, 
            11, 
            14, 
            9, 
            9, 
            11, 
            11, 
            10, 
            12, 
            9, 
            11, 
            7, 
            12, 
            13, 
            11, 
            5, 
            9, 
            9, 
            5, 
            8, 
            8, 
            9, 
            8, 
            8, 
            10, 
            8, 
            8, 
            11, 
            12, 
            8, 
            5, 
            12, 
            8, 
            6, 
            9, 
            14, 
            11, 
            13, 
            11, 
            9, 
            8, 
            12, 
            11, 
            9, 
            5, 
            5, 
            6, 
            10, 
            7, 
            8, 
            5, 
            11, 
            5, 
            6, 
            5, 
            9, 
            8, 
            6, 
            6, 
            9, 
            6, 
            8, 
            5, 
            6, 
            6, 
            6, 
            5, 
            5, 
            6, 
            10, 
            6, 
            6, 
            7, 
            6, 
            6, 
            8, 
            8, 
            5, 
            4, 
            7, 
            6, 
            6, 
            5, 
            5, 
            7, 
            6, 
            6, 
            6, 
            10, 
            14, 
            15, 
            11, 
            6, 
            10, 
            6, 
            6, 
            9, 
            5, 
            6, 
            8, 
            6, 
            12, 
            9, 
            5, 
            5, 
            8, 
            9, 
            10, 
            5, 
            5, 
            7, 
            5, 
            8, 
            5, 
            8, 
            5, 
            5, 
            6, 
            5, 
            4, 
            5, 
            5, 
            5, 
            6, 
            5, 
            7, 
            8, 
            6, 
            6, 
            12, 
            8, 
            9, 
            6, 
            6, 
            12, 
            6, 
            11, 
            8, 
            6, 
            6, 
            7, 
            8, 
            8, 
            6, 
            8, 
            4, 
            5, 
            6, 
            5, 
            5, 
            6, 
            4, 
            8, 
            5, 
            5, 
            12, 
            8, 
            9, 
            8, 
            6, 
            11, 
            7, 
            8, 
            8, 
            11, 
            8, 
            6, 
            8, 
            8, 
            8, 
            6, 
            5, 
            8, 
            11, 
            5, 
            6, 
            10, 
            8, 
            6, 
            10, 
            7, 
            6, 
            10, 
            7, 
            8, 
            6, 
            7, 
            12, 
            11, 
            5, 
            10, 
            13, 
            10, 
            6, 
            10, 
            9, 
            6, 
            12, 
            5, 
            8, 
            8, 
            7, 
            13, 
            7, 
            7, 
            5, 
            14, 
            10, 
            13, 
            12, 
            6, 
            12, 
            13, 
            9, 
            13, 
            12, 
            8, 
            12, 
            10, 
            13, 
            9, 
            9, 
            13, 
            9, 
            12, 
            10, 
            10, 
            13, 
            10, 
            9, 
            15, 
            13, 
            15, 
            13, 
            15, 
            15, 
            11, 
            12, 
            15, 
            14, 
            13, 
            15, 
            13, 
            12, 
            14, 
            14, 
            13, 
            14, 
            14, 
            13, 
            12, 
