{
    "Price-CAT": {
        "Rates": [
            0.056779, 
            0.077828, 
            0.106681, 
            0.14623, 
            0.200442, 
            0.27475, 
            0.376607, 
            0.516225, 
            0.707603, 
            0.96993, 
            1.329508, 
            1.82239, 
            2.497997, 
            3.424069, 
            4.693459, 
            6.433444, 
            8.818486, 
            12.087725, 
            16.568954, 
            22.71149
        ], 
        "SiteCategories": [
            8, 
            7, 
            8, 
            11, 
            6, 
            6, 
            6, 
            10, 
            9, 
            8, 
            10, 
            6, 
            6, 
            7, 
            7, 
            6, 
            7, 
            9, 
            11, 
            6, 
            6, 
            12, 
            7, 
            6, 
            7, 
            11, 
            7, 
            8, 
            12, 
            9, 
            8, 
            7, 
            8, 
            9, 
            6, 
            9, 
            10, 
            8, 
            6, 
            10, 
            11, 
            10, 
            12, 
            7, 
            9, 
            7, 
            7, 
            8, 
            10, 
            10, 
            7, 
            7, 
            9, 
            8, 
            6, 
            6, 
            8, 
            10, 
            11, 
            7, 
            11, 
            7, 
            10, 
            8, 
            12, 
            7, 
            9, 
            7, 
            11, 
            9, 
            13, 
            5, 
            11, 
            11, 
            9, 
            8, 
            12, 
            10, 
            11, 
            8, 
            12, 
            12, 
            10, 
            14, 
            8, 
            8, 
            13, 
            6, 
            10, 
            6, 
            7, 
            13, 
            13, 
            6, 
            8, 
            14, 
            9, 
            8, 
            9, 
            12, 
            11, 
            9, 
            9, 
            6, 
            10, 
            11, 
            8, 
            6, 
            8, 
            11, 
            11, 
            9, 
            8, 
            7, 
            11, 
            11, 
            7, 
            12, 
            9, 
            13, 
            11, 
            10, 
            12, 
            12, 
            13, 
            12, 
            8, 
            6, 
            9, 
            9, 
            10, 
            10, 
            7, 
            8, 
            7, 
            6, 
            7, 
            13, 
            7, 
            10, 
            10, 
            13, 
            11, 
            9, 
            9, 
            10, 
            7, 
            7, 
            10, 
            9, 
            6, 
            10, 
            8, 
            7, 
            14, 
            12, 
            7, 
            7, 
            7, 
            11, 
            8, 
            12, 
            8, 
            6, 
            11, 
            11, 
            9, 
            14, 
            11, 
            9, 
            13, 
            9, 
            11, 
            13, 
            10, 
            12, 
            7, 
            13, 
            10, 
            9, 
            14, 
            13, 
            8, 
            8, 
            9, 
            7, 
            10, 
            9, 
            11, 
            10, 
            9, 
            12, 
            11, 
            11, 
            7, 
            6, 
            9, 
            9, 
            7, 
            7, 
            12, 
            13, 
            7, 
            11, 
            13, 
            9, 
            9, 
            14, 
            8, 
            6, 
            10, 
            12, 
            11, 
            6, 
            7, 
            11, 
            11, 
            11, 
            8, 
            9, 
            11, 
            13, 
            9, 
            9, 
            7, 
            10, 
            9, 
            9, 
            6, 
            8, 
            8, 
            7, 
            9, 
            5, 
            7, 
            6, 
            12, 
            7, 
            7, 
            8, 
            11, 
            10, 
            8, 
            9, 
            13, 
            9, 
            12, 
            10, 
            9, 
            7, 
            8, 
            7, 
            7, 
            10, 
            10, 
            11, 
            8, 
            8, 
            11, 
            10, 
            7, 
            10, 
            7, 
            7, 
            7, 
            6, 
            7, 
            7, 
            8, 
            6, 
            9, 
            9, 
            11, 
            7, 
            10, 
            11, 
            10, 
            9, 
            11, 
            12, 
            12, 
            8, 
            12, 
            15, 
            12, 
            14, 
            14, 
            14, 
            11, 
            15, 
            10, 
            13, 
            12, 
            13, 
            10, 
            10, 
            12, 
            15, 
            9, 
            7, 
            9, 
            9, 
            7, 
            10, 
            9, 
            7, 
            6, 
            7, 
            9, 
            7, 
            8, 
            6, 
            7, 
            9, 
            6, 
            7, 
            7, 
            7, 
            7, 
            6, 
            11, 
            7, 
            12, 
            9, 
            13, 
            10, 
            7, 
            6, 
            7, 
            10, 
            8, 
            12, 
            11, 
            8, 
            9, 
            7, 
            7, 
            12, 
            13, 
            7, 
            14, 
            10, 
            13, 
            13, 
            10, 
            12, 
            9, 
            7, 
            13, 
            8, 
            6, 
            6, 
            8, 
            7, 
            10, 
            7, 
            8, 
            6, 
            7, 
            7, 
            7, 
            9, 
            12, 
            7, 
            12, 
            6, 
            11, 
            12, 
            7, 
            12, 
            12, 
            8, 
            8, 
            6, 
            9, 
            8, 
            7, 
            6, 
            7, 
            8, 
            8, 
            5, 
            8, 
            8, 
            5, 
            10, 
            6, 
            6, 
            10, 
            10, 
            8, 
            13, 
            12, 
            13, 
            10, 
            11, 
            7, 
            7, 
            11, 
            10, 
            10, 
            10, 
            11, 
            13, 
            11, 
            13, 
            9, 
            11, 
            13, 
            10, 
            6, 
            6, 
            11, 
            11, 
            7, 
            6, 
            9, 
            9, 
            8, 
            9, 
            7, 
            9, 
            12, 
            9, 
            11, 
            8, 
            10, 
            10, 
            12, 
            9, 
            6, 
            7, 
            7, 
            7, 
            6, 
            10, 
            5, 
            10, 
            6, 
            10, 
            8, 
            10, 
            8, 
            9, 
            11, 
            6, 
            13, 
            12, 
            11, 
            9, 
            9, 
            12, 
            7, 
            8, 
