{
    "Price-CAT": {
        "Rates": [
            0.051518, 
            0.070617, 
            0.096797, 
            0.132682, 
            0.18187, 
            0.249294, 
            0.341713, 
            0.468395, 
            0.642042, 
            0.880063, 
            1.206325, 
            1.65354, 
            2.26655, 
            3.106818, 
            4.258595, 
            5.837365, 
            8.001426, 
            10.967759, 
            15.033789, 
            20.607199
        ], 
        "SiteCategories": [
            13, 
            9, 
            11, 
            9, 
            8, 
            9, 
            6, 
            13, 
            6, 
            12, 
            15, 
            9, 
            15, 
            15, 
            12, 
            16, 
            12, 
            8, 
            12, 
            11, 
            13, 
            11, 
            10, 
            13, 
            15, 
            13, 
            16, 
            12, 
            6, 
            7, 
            8, 
            10, 
            11, 
            11, 
            9, 
            11, 
            11, 
            14, 
            9, 
            6, 
            10, 
            11, 
            13, 
            9, 
            12, 
            12, 
            7, 
            12, 
            7, 
            11, 
            14, 
            6, 
            9, 
            15, 
            15, 
            11, 
            15, 
            11, 
            11, 
            13, 
            15, 
            12, 
            9, 
            13, 
            9, 
            7, 
            7, 
            7, 
            14, 
            16, 
            8, 
            8, 
            7, 
            6, 
            7, 
            9, 
            6, 
            10, 
            10, 
            7, 
            13, 
            11, 
            10, 
            6, 
            14, 
            14, 
            11, 
            15, 
            13, 
            13, 
            13, 
            9, 
            7, 
            6, 
            11, 
            16, 
            12, 
            8, 
            14, 
            10, 
            13, 
            13, 
            9, 
            11, 
            9, 
            13, 
            11, 
            10, 
            11, 
            9, 
            8, 
            7, 
            7, 
            5, 
            6, 
            6, 
            10, 
            6, 
            9, 
            8, 
            8, 
            7, 
            7, 
            10, 
            10, 
            7, 
            7, 
            6, 
            8, 
            7, 
            7, 
            7, 
            7, 
            7, 
            6, 
            7, 
            6, 
            7, 
            6, 
            5, 
            6, 
            9, 
            5, 
            6, 
            6, 
            7, 
            5, 
            9, 
            7, 
            9, 
            8, 
            9, 
            11, 
            7, 
            11, 
            7, 
            9, 
            5, 
            8, 
            7, 
            11, 
            7, 
            8, 
            8, 
            6, 
            6, 
            7, 
            6, 
            6, 
            8, 
            7, 
            6, 
            7, 
            8, 
            14, 
            6, 
            5, 
            11, 
            10, 
            8, 
            13, 
            7, 
            5, 
            12, 
            14, 
            15, 
            12, 
            12, 
            14, 
            5, 
            8, 
            8, 
            9, 
            8, 
            8, 
            9, 
            8, 
            7, 
            5, 
            7, 
            7, 
            9, 
            7, 
            8, 
            6, 
            6, 
            8, 
            7, 
            7, 
            11, 
            8, 
            10, 
            7, 
            8, 
            8, 
            8, 
            7, 
            6, 
            10, 
            7, 
            6, 
            6, 
            12, 
            10, 
            12, 
            7, 
            9, 
            7, 
            7, 
            10, 
            7, 
            10, 
            6, 
            7, 
            5, 
            8, 
            7, 
            9, 
            9, 
            7, 
            7, 
            9, 
            10, 
            8, 
            8, 
            5, 
            8, 
            7, 
            7, 
            8, 
            6, 
            10, 
            6, 
            6, 
            7, 
            5, 
            7, 
            7, 
            7, 
            8, 
            6, 
            8, 
            11, 
            9, 
            7, 
            9, 
            8, 
            14, 
            9, 
            6, 
            6, 
            6, 
            5, 
            9, 
            8, 
            7, 
            14, 
            14, 
            8, 
            5, 
            5, 
            5, 
            7, 
            7, 
            6, 
            6, 
            7, 
            7, 
            6, 
            7, 
            6, 
            6, 
            6, 
            8, 
            5, 
            6, 
            6, 
            7, 
            8, 
            8, 
            8, 
            9, 
            7, 
            10, 
            6, 
            7, 
            6, 
            8, 
            7, 
            5, 
            5, 
            7, 
            6, 
            7, 
            15, 
            8, 
            5, 
            11, 
            7, 
            7, 
            7, 
            7, 
            6, 
            7, 
            7, 
            6, 
            6, 
            8, 
            12, 
            5, 
            9, 
            5, 
            10, 
            10, 
            7, 
            10, 
            10, 
            15, 
            8, 
            10, 
            12, 
            15, 
            15, 
            6, 
            8, 
            15, 
            13, 
            7, 
            10, 
            16, 
            9, 
            11, 
            14, 
            10, 
            8, 
            7, 
            11, 
            8, 
            7, 
            9, 
            8, 
            6, 
            7, 
            8, 
            7, 
            8, 
            5, 
            8, 
            7, 
            10, 
            9, 
            6, 
            7, 
            5, 
            9, 
            13, 
            7, 
            10, 
            12, 
            14, 
            8, 
            12, 
            6, 
            8, 
            6, 
            8, 
            11, 
            8, 
            8, 
            7, 
            7, 
            5, 
            6, 
            6, 
            7, 
            10, 
            5, 
            5, 
            7, 
            11, 
            7, 
            7, 
            9, 
            12, 
            11, 
            7, 
            10, 
            9, 
            5, 
            12, 
            8, 
            14, 
            13, 
            12, 
            10, 
            13, 
            10, 
            8, 
            15, 
            14, 
            10, 
            10, 
            15, 
            7, 
            13, 
            13, 
            6, 
            14, 
            12, 
            10, 
            7, 
            11, 
            12, 
            8, 
            8, 
            10, 
            9, 
            7, 
            14, 
            11, 
            15, 
            10, 
            11, 
            11, 
            14, 
            9, 
            11, 
            14, 
            15, 
            13, 
            14
        ], 
        "n_cats": 20
    }, 
    "empirical_frequencies": false,