{
    "Price-CAT": {
        "Rates": [
            0.049163, 
            0.067388, 
            0.092371, 
            0.126615, 
            0.173555, 
            0.237896, 
            0.326091, 
            0.446981, 
            0.612688, 
            0.839827, 
            1.151172, 
            1.577941, 
            2.162924, 
            2.964776, 
            4.063894, 
            5.570483, 
            7.635604, 
            10.466318, 
            14.34645, 
            19.665047
        ], 
        "SiteCategories": [
            12, 
            11, 
            11, 
            14, 
            10, 
            9, 
            9, 
            8, 
            11, 
            11, 
            8, 
            7, 
            13, 
            11, 
            9, 
            11, 
            12, 
            6, 
            9, 
            14, 
            12, 
            7, 
            11, 
            12, 
            6, 
            8, 
            10, 
            6, 
            7, 
            5, 
            10, 
            9, 
            11, 
            11, 
            13, 
            11, 
            7, 
            11, 
            12, 
            12, 
            11, 
            12, 
            13, 
            12, 
            12, 
            12, 
            10, 
            12, 
            8, 
            13, 
            14, 
            13, 
            10, 
            10, 
            10, 
            10, 
            9, 
            9, 
            12, 
            10, 
            13, 
            9, 
            8, 
            13, 
            14, 
            9, 
            10, 
            13, 
            11, 
            10, 
            9, 
            12, 
            5, 
            6, 
            13, 
            11, 
            5, 
            7, 
            12, 
            11, 
            10, 
            3, 
            11, 
            6, 
            12, 
            9, 
            9, 
            12, 
            10, 
            8, 
            12, 
            11, 
            9, 
            11, 
            10, 
            10, 
            8, 
            10, 
            12, 
            11, 
            6, 
            11, 
            9, 
            8, 
            6, 
            10, 
            11, 
            9, 
            8, 
            10, 
            9, 
            4, 
            8, 
            11, 
            6, 
            3, 
            12, 
            5, 
            9, 
            9, 
            11, 
            9, 
            9, 
            12, 
            7, 
            8, 
            12, 
            11, 
            10, 
            10, 
            11, 
            12, 
            8, 
            9, 
            11, 
            10, 
            6, 
            7, 
            12, 
            9, 
            10, 
            11, 
            10, 
            6, 
            12, 
            9, 
            8, 
            10, 
            6, 
            5, 
            11, 
            10, 
            12, 
            10, 
            9, 
            14, 
            13, 
            9, 
            14, 
            9, 
            9, 
            11, 
            12, 
            8, 
            9, 
            7, 
            9, 
            7, 
            12, 
            7, 
            11, 
            9, 
            10, 
            12, 
            11, 
            10, 
            11, 
            5, 
            8, 
            10, 
            7, 
            9, 
            11, 
            8, 
            9, 
            10, 
            11, 
            13, 
            7, 
            13, 
            9, 
            12, 
            13, 
            10, 
            11, 
            9, 
            6, 
            8, 
            5, 
            4, 
            11, 
            5, 
            11, 
            13, 
            11, 
            12, 
            11, 
            10, 
            11, 
            8, 
            5, 
            7, 
            5, 
            8, 
            10, 
            10, 
            13, 
            9, 
            11, 
            8, 
            13, 
            12, 
            12, 
            12, 
            9, 
            11, 
            8, 
            11, 
            12, 
            12, 
            12, 
            8, 
            13, 
            8, 
            11, 
            10, 
            12, 
            10, 
            11, 
            13, 
            11, 
            14, 
            12, 
            12, 
            10, 
            11, 
            11, 
            10, 
            12, 
            10, 
            12, 
            11, 
            12, 
            10, 
            11, 
            13, 
            12, 
            12, 
            13, 
            11, 
            10, 
            11, 
            10, 
            10, 
            6, 
            6, 
            9, 
            7, 
            8, 
            6, 
            11, 
            6, 
            8, 
            9, 
            9, 
            12, 
            13, 
            8, 
            8, 
            13, 
            8, 
            7, 
            11, 
            11, 
            7, 
            9, 
            11, 
            6, 
            11, 
            12, 
            11, 
            5, 
            8, 
            12, 
            6, 
            10, 
            6, 
            7, 
            10, 
            7, 
            13, 
            11, 
            12, 
            7, 
            13, 
            7, 
            6, 
            4, 
            9, 
            11, 
            11, 
            12, 
            8, 
            10, 
            12, 
            10, 
            12, 
            12, 
            12, 
            11, 
            12
        ], 
        "n_cats": 20
    }, 
    "empirical_frequencies": false, 
    "datatype": "AA", 
    "subs_model": "JTT", 
    "program": "FastTree Version 2.1.8 Double precision (No SSE3)", 
    "ras_model": "Price-CAT"
}